[ 
  [ 
    { 
      "quadrohorarioitemid":735,
      "quadrohorarioitemdatahorachegada":"2019-10-27 23:52:00",
      "quadrohorarioitemhoradatasaida":"2019-10-27 23:12:00",
      "motorista":"Eraldo Nunes de Sena",
      "motoristamtricula":"26127",
      "motoristaid":26127,
      "veiculonome":"836 MAN 17.230 0D EURO 5",
      "veiculoid":"3521",
      "veiculonumeroregistro":"836",
      "siteid":1,
      "trackpointid":47982,
      "trackpointeventid":36,
      "trackpointstartdatetime":"2019-10-27 00:14:12",
      "trackpointstartodometre":87554260,
      "trackpointstartpositionid":47463807,
      "trackpointenddatetime":"2019-10-27 00:14:12",
      "trackpointendodometer":87554260,
      "trackpointendpositionid":47463807,
      "trackpointvalue":325,
      "trackpointtotaltimeseconds":0,
      "trackpointfuelusedlitres":0,
      "trackpointdriverid":455024377,
      "quadrohorarioid":33,
      "quadrohorariolinha":3,
      "quadrohorarioitinerario":21,
      "quadrohorarioescala":24,
      "quadrohorariomotivo":"Dia útil (MOBS)",
      "quadrohorarioitinerariovolta":22,
      "quadrohorarioitemposicao":4,
      "quadrohorarioitemdescricao":"Dia útil (MOBS)",
      "quadrohorarioitemtipopercurso":"ida",
      "quadrohorarioitemtipoparadachegada":"T37 - PONTO FINAL - IDA",
      "quadrohorarioitemhorachegada":"23:52",
      "quadrohorarioitemidorigemchegada":347,
      "quadrohorarioitemtipoparadasaida":"T1 - TERMINAL",
      "quadrohorarioitemhorasaida":"23:12",
      "quadrohorarioitemidorigemsaida": 311
    },
    { 
      "quadrohorarioitemid":736,
      "quadrohorarioitemdatahorachegada":"2019-10-27 23:32:00",
      "quadrohorarioitemhoradatasaida":"2019-10-27 22:52:00",
      "motorista":"Eraldo Nunes de Sena",
      "motoristamtricula":"26127",
      "motoristaid":26127,
      "veiculonome":"836 MAN 17.230 0D EURO 5",
      "veiculoid":"3521",
      "veiculonumeroregistro":"836",
      "siteid":1,
      "trackpointid":47982,
      "trackpointeventid":36,
      "trackpointstartdatetime":"2019-10-27 00:14:12",
      "trackpointstartodometre":87554260,
      "trackpointstartpositionid":47463807,
      "trackpointenddatetime":"2019-10-27 00:14:12",
      "trackpointendodometer":87554260,
      "trackpointendpositionid":47463807,
      "trackpointvalue":325,
      "trackpointtotaltimeseconds":0,
      "trackpointfuelusedlitres":0,
      "trackpointdriverid":455024377,
      "quadrohorarioid":33,
      "quadrohorariolinha":3,
      "quadrohorarioitinerario":21,
      "quadrohorarioescala":24,
      "quadrohorariomotivo":"Dia útil (MOBS)",
      "quadrohorarioitinerariovolta":22,
      "quadrohorarioitemposicao":4,
      "quadrohorarioitemdescricao":"Dia útil (MOBS)",
      "quadrohorarioitemtipopercurso":"volta",
      "quadrohorarioitemtipoparadachegada":"T40 - TERMINAL",
      "quadrohorarioitemhorachegada":"23:32",
      "quadrohorarioitemidorigemchegada":311,
      "quadrohorarioitemtipoparadasaida":"T1 - PONTO FINAL - IDA",
      "quadrohorarioitemhorasaida":"22:52",
      "quadrohorarioitemidorigemsaida":347
    }
  ],
  [ 
    { 
      "quadrohorarioitemid":740,
      "quadrohorarioitemdatahorachegada":"2019-10-27 23:52:00",
      "quadrohorarioitemhoradatasaida":"2019-10-27 23:12:00",
      "motorista":"Eraldo Nunes de Sena",
      "motoristamtricula":"26127",
      "motoristaid":26127,
      "veiculonome":"836 MAN 17.230 0D EURO 5",
      "veiculoid":"4264",
      "veiculonumeroregistro":"836",
      "siteid":1,
      "trackpointid":47982,
      "trackpointeventid":36,
      "trackpointstartdatetime":"2019-10-27 00:14:12",
      "trackpointstartodometre":87554260,
      "trackpointstartpositionid":47463807,
      "trackpointenddatetime":"2019-10-27 00:14:12",
      "trackpointendodometer":87554260,
      "trackpointendpositionid":47463807,
      "trackpointvalue":365,
      "trackpointtotaltimeseconds":0,
      "trackpointfuelusedlitres":0,
      "trackpointdriverid":455024377,
      "quadrohorarioid":33,
      "quadrohorariolinha":3,
      "quadrohorarioitinerario":21,
      "quadrohorarioescala":24,
      "quadrohorariomotivo":"Dia útil (MOBS)",
      "quadrohorarioitinerariovolta":22,
      "quadrohorarioitemposicao":4,
      "quadrohorarioitemdescricao":"Dia útil (MOBS)",
      "quadrohorarioitemtipopercurso":"ida",
      "quadrohorarioitemtipoparadachegada":"T37 - PONTO FINAL - IDA",
      "quadrohorarioitemhorachegada":"23:03",
      "quadrohorarioitemidorigemchegada":347,
      "quadrohorarioitemtipoparadasaida":"T1 - TERMINAL",
      "quadrohorarioitemhorasaida":"23:12",
      "quadrohorarioitemidorigemsaida": 311
    },
    { 
      "quadrohorarioitemid":741,
      "quadrohorarioitemdatahorachegada":"2019-10-27 23:32:00",
      "quadrohorarioitemhoradatasaida":"2019-10-27 22:52:00",
      "motorista":"Eraldo Nunes de Sena",
      "motoristamtricula":"26127",
      "motoristaid":26127,
      "veiculonome":"836 MAN 17.230 0D EURO 5",
      "veiculoid":"4264",
      "veiculonumeroregistro":"836",
      "siteid":1,
      "trackpointid":47982,
      "trackpointeventid":36,
      "trackpointstartdatetime":"2019-10-27 00:14:12",
      "trackpointstartodometre":87554260,
      "trackpointstartpositionid":47463807,
      "trackpointenddatetime":"2019-10-27 00:14:12",
      "trackpointendodometer":87554260,
      "trackpointendpositionid":47463807,
      "trackpointvalue":365,
      "trackpointtotaltimeseconds":0,
      "trackpointfuelusedlitres":0,
      "trackpointdriverid":455024377,
      "quadrohorarioid":33,
      "quadrohorariolinha":3,
      "quadrohorarioitinerario":21,
      "quadrohorarioescala":24,
      "quadrohorariomotivo":"Dia útil (MOBS)",
      "quadrohorarioitinerariovolta":22,
      "quadrohorarioitemposicao":4,
      "quadrohorarioitemdescricao":"Dia útil (MOBS)",
      "quadrohorarioitemtipopercurso":"volta",
      "quadrohorarioitemtipoparadachegada":"T40 - TERMINAL",
      "quadrohorarioitemhorachegada":"23:52",
      "quadrohorarioitemidorigemchegada":311,
      "quadrohorarioitemtipoparadasaida":"T1 - PONTO FINAL - IDA",
      "quadrohorarioitemhorasaida":"23:13",
      "quadrohorarioitemidorigemsaida":347
    }
  ],
  [ 
    {
      "quadrohorarioitemid":753,
      "quadrohorarioitemdatahorachegada":"2019-10-27 23:42:00",
      "quadrohorarioitemhoradatasaida":"2019-10-27 23:02:00",
      "motorista":"Eraldo Nunes de Sena",
      "motoristamtricula":"26127",
      "motoristaid":26127,
      "veiculonome":"867 MAN 17.230 0D EURO 5",
      "veiculoid":"3522",
      "veiculonumeroregistro":"867",
      "siteid":1,
      "trackpointid":47883,
      "trackpointeventid":37,
      "trackpointstartdatetime":"2019-10-27 23:43:26",
      "trackpointstartodometre":62760390,
      "trackpointstartpositionid":47430640,
      "trackpointenddatetime":"2019-10-27 23:43:26",
      "trackpointendodometer":62760390,
      "trackpointendpositionid":47430640,
      "trackpointvalue":331,
      "trackpointtotaltimeseconds":0,
      "trackpointfuelusedlitres":0,
      "trackpointdriverid":0,
      "quadrohorarioid":33,
      "quadrohorariolinha":3,
      "quadrohorarioitinerario":21,
      "quadrohorarioescala":24,
      "quadrohorariomotivo":"Dia útil (MOBS)",
      "quadrohorarioitinerariovolta":22,
      "quadrohorarioitemposicao":6,
      "quadrohorarioitemdescricao":"Dia útil (MOBS)",
      "quadrohorarioitemtipopercurso":"ida",
      "quadrohorarioitemtipoparadachegada":"T37 - PONTO FINAL - IDA",
      "quadrohorarioitemhorachegada":"23:42",
      "quadrohorarioitemidorigemchegada":347,
      "quadrohorarioitemtipoparadasaida":"T1 - TERMINAL",
      "quadrohorarioitemhorasaida":"23:02",
      "quadrohorarioitemidorigemsaida":311
    },
    { 
      "quadrohorarioitemid":754,
      "quadrohorarioitemdatahorachegada":"2019-10-27 23:32:00",
      "quadrohorarioitemhoradatasaida":"2019-10-27 22:52:00",
      "motorista":"Eraldo Nunes de Sena",
      "motoristamtricula":"26127",
      "motoristaid":26127,
      "veiculonome":"867 MAN 17.230 0D EURO 5",
      "veiculoid":"3522",
      "veiculonumeroregistro":"867",
      "siteid":1,
      "trackpointid":47883,
      "trackpointeventid":37,
      "trackpointstartdatetime":"2019-10-27 23:43:26",
      "trackpointstartodometre":62760390,
      "trackpointstartpositionid":47430640,
      "trackpointenddatetime":"2019-10-27 23:43:26",
      "trackpointendodometer":62760390,
      "trackpointendpositionid":47430640,
      "trackpointvalue":331,
      "trackpointtotaltimeseconds":0,
      "trackpointfuelusedlitres":0,
      "trackpointdriverid":0,
      "quadrohorarioid":33,
      "quadrohorariolinha":3,
      "quadrohorarioitinerario":21,
      "quadrohorarioescala":24,
      "quadrohorariomotivo":"Dia útil (MOBS)",
      "quadrohorarioitinerariovolta":22,
      "quadrohorarioitemposicao":6,
      "quadrohorarioitemdescricao":"Dia útil (MOBS)",
      "quadrohorarioitemtipopercurso":"volta",
      "quadrohorarioitemtipoparadachegada":"T40 - TERMINAL",
      "quadrohorarioitemhorachegada":"23:42",
      "quadrohorarioitemidorigemchegada":311,
      "quadrohorarioitemtipoparadasaida":"T1 - PONTO FINAL - IDA",
      "quadrohorarioitemhorasaida":"22:52",
      "quadrohorarioitemidorigemsaida":347
    }
  ]
]