[
  [
     {
        "quadrohorarioitemid":717,
        "quadrohorarioitemdatahorachegada":"2019-10-29 19:41:00",
        "quadrohorarioitemhoradatasaida":"2019-10-29 18:56:00",
        "motorista":"Eraldo Nunes de Sena",
        "motoristamtricula":"26127",
        "motoristaid":26127,
        "veiculonome":"901 MBZ 1721 Euro 5",
        "veiculoid":"669",
        "veiculonumeroregistro":"901",
        "siteid":1,
        "trackpointid":73595,
        "trackpointeventid":36,
        "trackpointstartdatetime":"2019-10-29 23:19:35",
        "trackpointstartodometre":56315270,
        "trackpointstartpositionid":53520891,
        "trackpointenddatetime":"2019-10-29 23:19:35",
        "trackpointendodometer":56315270,
        "trackpointendpositionid":53520891,
        "trackpointvalue":350,
        "trackpointtotaltimeseconds":0,
        "trackpointfuelusedlitres":0,
        "trackpointdriverid":1033481188,
        "quadrohorarioid":33,
        "quadrohorariolinha":3,
        "quadrohorarioitinerario":21,
        "quadrohorarioescala":24,
        "quadrohorariomotivo":"Dia útil (MOBS)",
        "quadrohorarioitinerariovolta":22,
        "quadrohorarioitemposicao":2,
        "quadrohorarioitemdescricao":"Dia útil (MOBS)",
        "quadrohorarioitemtipopercurso":"ida",
        "quadrohorarioitemtipoparadachegada":"T37 - PONTO FINAL - IDA",
        "quadrohorarioitemhorachegada":"19:41",
        "quadrohorarioitemidorigemchegada":347,
        "quadrohorarioitemtipoparadasaida":"T1 - TERMINAL",
        "quadrohorarioitemhorasaida":"18:56",
        "quadrohorarioitemidorigemsaida":311
     },
     {
        "quadrohorarioitemid":718,
        "quadrohorarioitemdatahorachegada":"2019-10-29 20:26:00",
        "quadrohorarioitemhoradatasaida":"2019-10-29 19:41:00",
        "motorista":"Eraldo Nunes de Sena",
        "motoristamtricula":"26127",
        "motoristaid":26127,
        "veiculonome":"901 MBZ 1721 Euro 5",
        "veiculoid":"669",
        "veiculonumeroregistro":"901",
        "siteid":1,
        "trackpointid":73595,
        "trackpointeventid":36,
        "trackpointstartdatetime":"2019-10-29 23:19:35",
        "trackpointstartodometre":56315270,
        "trackpointstartpositionid":53520891,
        "trackpointenddatetime":"2019-10-29 23:19:35",
        "trackpointendodometer":56315270,
        "trackpointendpositionid":53520891,
        "trackpointvalue":350,
        "trackpointtotaltimeseconds":0,
        "trackpointfuelusedlitres":0,
        "trackpointdriverid":1033481188,
        "quadrohorarioid":33,
        "quadrohorariolinha":3,
        "quadrohorarioitinerario":21,
        "quadrohorarioescala":24,
        "quadrohorariomotivo":"Dia útil (MOBS)",
        "quadrohorarioitinerariovolta":22,
        "quadrohorarioitemposicao":2,
        "quadrohorarioitemdescricao":"Dia útil (MOBS)",
        "quadrohorarioitemtipopercurso":"volta",
        "quadrohorarioitemtipoparadachegada":"T40 - TERMINAL",
        "quadrohorarioitemhorachegada":"20:26",
        "quadrohorarioitemidorigemchegada":311,
        "quadrohorarioitemtipoparadasaida":"T1 - PONTO FINAL - IDA",
        "quadrohorarioitemhorasaida":"19:41",
        "quadrohorarioitemidorigemsaida":347
     }
  ],
  [
     {
        "quadrohorarioitemid":734,
        "quadrohorarioitemdatahorachegada":"2019-10-29 19:27:00",
        "quadrohorarioitemhoradatasaida":"2019-10-29 18:29:00",
        "motorista":"Eraldo Nunes de Sena",
        "motoristamtricula":"26127",
        "motoristaid":26127,
        "veiculonome":"836 MAN 17.230 0D EURO 5",
        "veiculoid":"3521",
        "veiculonumeroregistro":"836",
        "siteid":1,
        "trackpointid":73546,
        "trackpointeventid":36,
        "trackpointstartdatetime":"2019-10-29 23:14:47",
        "trackpointstartodometre":88061850,
        "trackpointstartpositionid":53510457,
        "trackpointenddatetime":"2019-10-29 23:14:47",
        "trackpointendodometer":88061850,
        "trackpointendpositionid":53510457,
        "trackpointvalue":311,
        "trackpointtotaltimeseconds":0,
        "trackpointfuelusedlitres":0,
        "trackpointdriverid":454986137,
        "quadrohorarioid":33,
        "quadrohorariolinha":3,
        "quadrohorarioitinerario":21,
        "quadrohorarioescala":24,
        "quadrohorariomotivo":"Dia útil (MOBS)",
        "quadrohorarioitinerariovolta":22,
        "quadrohorarioitemposicao":4,
        "quadrohorarioitemdescricao":"Dia útil (MOBS)",
        "quadrohorarioitemtipopercurso":"volta",
        "quadrohorarioitemtipoparadachegada":"T40 - TERMINAL",
        "quadrohorarioitemhorachegada":"19:27",
        "quadrohorarioitemidorigemchegada":311,
        "quadrohorarioitemtipoparadasaida":"T1 - PONTO FINAL - IDA",
        "quadrohorarioitemhorasaida":"18:29",
        "quadrohorarioitemidorigemsaida":347
     },
     {
        "quadrohorarioitemid":735,
        "quadrohorarioitemdatahorachegada":"2019-10-29 20:52:00",
        "quadrohorarioitemhoradatasaida":"2019-10-29 20:12:00",
        "motorista":"Eraldo Nunes de Sena",
        "motoristamtricula":"26127",
        "motoristaid":26127,
        "veiculonome":"836 MAN 17.230 0D EURO 5",
        "veiculoid":"3521",
        "veiculonumeroregistro":"836",
        "siteid":1,
        "trackpointid":73546,
        "trackpointeventid":36,
        "trackpointstartdatetime":"2019-10-29 23:14:47",
        "trackpointstartodometre":88061850,
        "trackpointstartpositionid":53510457,
        "trackpointenddatetime":"2019-10-29 23:14:47",
        "trackpointendodometer":88061850,
        "trackpointendpositionid":53510457,
        "trackpointvalue":311,
        "trackpointtotaltimeseconds":0,
        "trackpointfuelusedlitres":0,
        "trackpointdriverid":454986137,
        "quadrohorarioid":33,
        "quadrohorariolinha":3,
        "quadrohorarioitinerario":21,
        "quadrohorarioescala":24,
        "quadrohorariomotivo":"Dia útil (MOBS)",
        "quadrohorarioitinerariovolta":22,
        "quadrohorarioitemposicao":4,
        "quadrohorarioitemdescricao":"Dia útil (MOBS)",
        "quadrohorarioitemtipopercurso":"ida",
        "quadrohorarioitemtipoparadachegada":"T37 - PONTO FINAL - IDA",
        "quadrohorarioitemhorachegada":"20:52",
        "quadrohorarioitemidorigemchegada":347,
        "quadrohorarioitemtipoparadasaida":"T1 - TERMINAL",
        "quadrohorarioitemhorasaida":"20:12",
        "quadrohorarioitemidorigemsaida":311
     }
  ],
  [
     {
        "quadrohorarioitemid":752,
        "quadrohorarioitemdatahorachegada":"2019-10-29 19:27:00",
        "quadrohorarioitemhoradatasaida":"2019-10-29 18:29:00",
        "motorista":"Eraldo Nunes de Sena",
        "motoristamtricula":"26127",
        "motoristaid":26127,
        "veiculonome":"867 MAN 17.230 0D EURO 5",
        "veiculoid":"3522",
        "veiculonumeroregistro":"867",
        "siteid":1,
        "trackpointid":73613,
        "trackpointeventid":37,
        "trackpointstartdatetime":"2019-10-29 23:21:35",
        "trackpointstartodometre":63526870,
        "trackpointstartpositionid":53525778,
        "trackpointenddatetime":"2019-10-29 23:21:35",
        "trackpointendodometer":63526870,
        "trackpointendpositionid":53525778,
        "trackpointvalue":324,
        "trackpointtotaltimeseconds":0,
        "trackpointfuelusedlitres":0,
        "trackpointdriverid":4262049307,
        "quadrohorarioid":33,
        "quadrohorariolinha":3,
        "quadrohorarioitinerario":21,
        "quadrohorarioescala":24,
        "quadrohorariomotivo":"Dia útil (MOBS)",
        "quadrohorarioitinerariovolta":22,
        "quadrohorarioitemposicao":6,
        "quadrohorarioitemdescricao":"Dia útil (MOBS)",
        "quadrohorarioitemtipopercurso":"volta",
        "quadrohorarioitemtipoparadachegada":"T40 - TERMINAL",
        "quadrohorarioitemhorachegada":"19:27",
        "quadrohorarioitemidorigemchegada":311,
        "quadrohorarioitemtipoparadasaida":"T1 - PONTO FINAL - IDA",
        "quadrohorarioitemhorasaida":"18:29",
        "quadrohorarioitemidorigemsaida":347
     },
     {
        "quadrohorarioitemid":753,
        "quadrohorarioitemdatahorachegada":"2019-10-29 20:52:00",
        "quadrohorarioitemhoradatasaida":"2019-10-29 20:12:00",
        "motorista":"Eraldo Nunes de Sena",
        "motoristamtricula":"26127",
        "motoristaid":26127,
        "veiculonome":"867 MAN 17.230 0D EURO 5",
        "veiculoid":"3522",
        "veiculonumeroregistro":"867",
        "siteid":1,
        "trackpointid":73613,
        "trackpointeventid":37,
        "trackpointstartdatetime":"2019-10-29 23:21:35",
        "trackpointstartodometre":63526870,
        "trackpointstartpositionid":53525778,
        "trackpointenddatetime":"2019-10-29 23:21:35",
        "trackpointendodometer":63526870,
        "trackpointendpositionid":53525778,
        "trackpointvalue":324,
        "trackpointtotaltimeseconds":0,
        "trackpointfuelusedlitres":0,
        "trackpointdriverid":4262049307,
        "quadrohorarioid":33,
        "quadrohorariolinha":3,
        "quadrohorarioitinerario":21,
        "quadrohorarioescala":24,
        "quadrohorariomotivo":"Dia útil (MOBS)",
        "quadrohorarioitinerariovolta":22,
        "quadrohorarioitemposicao":6,
        "quadrohorarioitemdescricao":"Dia útil (MOBS)",
        "quadrohorarioitemtipopercurso":"ida",
        "quadrohorarioitemtipoparadachegada":"T37 - PONTO FINAL - IDA",
        "quadrohorarioitemhorachegada":"20:52",
        "quadrohorarioitemidorigemchegada":347,
        "quadrohorarioitemtipoparadasaida":"T1 - TERMINAL",
        "quadrohorarioitemhorasaida":"20:12",
        "quadrohorarioitemidorigemsaida":311
     }
  ],
  [

  ]
]