{ 
   "21":{ 
      "ida":{ 
         "id":21,
         "linha_id":3,
         "sentido":"i",
         "pontos_parada_ids":"311,312,313,314,315,316,317,318,319,320,321,322,323,324,325,326,327,328,329,330,331,332,333,334,335,336,337,338,339,340,341,342,343,344,345,346,347",
         "deleted_at":null,
         "created_at":"2019-10-10 20:57:08",
         "updated_at":"2019-10-10 20:57:08",
         "nome":"LINHA 32 - IDA",
         "ida_id":null,
         "pontos":[ 
            { 
               "id":311,
               "endereco":"Boa Viagem, Recife - PE, 51021-400, Brasil",
               "tipo":"ponto_terminal",
               "codigo_referencia":"TERMINAL",
               "cerca":"30",
               "created_at":"2019-10-10 00:00:00",
               "updated_at":null,
               "lat":"-8.13637795142659",
               "lng":"-34.9133322208299",
               "nome":"TERMINAL"
            },
            { 
               "id":312,
               "endereco":"Boa Viagem, Recife - PE, 51021-400, Brasil",
               "tipo":"ponto_parada",
               "codigo_referencia":"PONTO 1 - IDA",
               "cerca":"30",
               "created_at":"2019-10-10 00:00:00",
               "updated_at":null,
               "lat":"-8.1368076640596",
               "lng":"-34.9140773224981",
               "nome":"PONTO 1 - IDA"
            },
            { 
               "id":313,
               "endereco":"Boa Viagem, Recife - PE, 51021-400, Brasil",
               "tipo":"ponto_parada",
               "codigo_referencia":"PONTO 2 - IDA",
               "cerca":"30",
               "created_at":"2019-10-10 00:00:00",
               "updated_at":null,
               "lat":"-8.14083708230745",
               "lng":"-34.9142695897752",
               "nome":"PONTO 2 - IDA"
            },
            { 
               "id":314,
               "endereco":"Boa Viagem, Recife - PE, 51021-400, Brasil",
               "tipo":"ponto_parada",
               "codigo_referencia":"PONTO 3 - IDA",
               "cerca":"30",
               "created_at":"2019-10-10 00:00:00",
               "updated_at":null,
               "lat":"-8.142531",
               "lng":"-34.9103815053016",
               "nome":"PONTO 3 - IDA"
            },
            { 
               "id":315,
               "endereco":"Boa Viagem, Recife - PE, 51021-400, Brasil",
               "tipo":"ponto_parada",
               "codigo_referencia":"PONTO 4 - IDA",
               "cerca":"30",
               "created_at":"2019-10-10 00:00:00",
               "updated_at":null,
               "lat":"-8.14259329901506",
               "lng":"-34.908741371683",
               "nome":"PONTO 4 - IDA"
            },
            { 
               "id":316,
               "endereco":"Boa Viagem, Recife - PE, 51021-400, Brasil",
               "tipo":"ponto_parada",
               "codigo_referencia":"PONTO 5 - IDA E PONTO 38 - VOLTA",
               "cerca":"30",
               "created_at":"2019-10-10 00:00:00",
               "updated_at":null,
               "lat":"-8.14046954230686",
               "lng":"-34.9077933728323",
               "nome":"PONTO 5 - IDA E PONTO 38 - VOLTA"
            },
            { 
               "id":317,
               "endereco":"Boa Viagem, Recife - PE, 51021-400, Brasil",
               "tipo":"ponto_parada",
               "codigo_referencia":"PONTO 6 - IDA E PONTO 37 - VOLTA",
               "cerca":"30",
               "created_at":"2019-10-10 00:00:00",
               "updated_at":null,
               "lat":"-8.13812227528215",
               "lng":"-34.9067596550839",
               "nome":"PONTO 6 - IDA E PONTO 37 - VOLTA"
            },
            { 
               "id":318,
               "endereco":"Boa Viagem, Recife - PE, 51021-400, Brasil",
               "tipo":"ponto_parada",
               "codigo_referencia":"PONTO 7 -IDA E PONTO 36 - VOLTA",
               "cerca":"30",
               "created_at":"2019-10-10 00:00:00",
               "updated_at":null,
               "lat":"-8.13600414428366",
               "lng":"-34.9062338097672",
               "nome":"PONTO 7 -IDA E PONTO 36 - VOLTA"
            },
            { 
               "id":319,
               "endereco":"Boa Viagem, Recife - PE, 51021-400, Brasil",
               "tipo":"ponto_parada",
               "codigo_referencia":"PONTO 8 - IDA",
               "cerca":"30",
               "created_at":"2019-10-10 00:00:00",
               "updated_at":null,
               "lat":"-8.13411635341141",
               "lng":"-34.9050569408943",
               "nome":"PONTO 8 - IDA"
            },
            { 
               "id":320,
               "endereco":"Boa Viagem, Recife - PE, 51021-400, Brasil",
               "tipo":"ponto_parada",
               "codigo_referencia":"PONTO 9 - IDA",
               "cerca":"30",
               "created_at":"2019-10-10 00:00:00",
               "updated_at":null,
               "lat":"-8.13317247833164",
               "lng":"-34.9031256855383",
               "nome":"PONTO 9 - IDA"
            },
            { 
               "id":321,
               "endereco":"Boa Viagem, Recife - PE, 51021-400, Brasil",
               "tipo":"ponto_parada",
               "codigo_referencia":"PONTO 10 - IDA",
               "cerca":"30",
               "created_at":"2019-10-10 00:00:00",
               "updated_at":null,
               "lat":"-8.13170125195059",
               "lng":"-34.9014415329479",
               "nome":"PONTO 10 - IDA"
            },
            { 
               "id":322,
               "endereco":"Boa Viagem, Recife - PE, 51021-400, Brasil",
               "tipo":"ponto_parada",
               "codigo_referencia":"PONTO 11 - IDA",
               "cerca":"30",
               "created_at":"2019-10-10 00:00:00",
               "updated_at":null,
               "lat":"-8.12895065623083",
               "lng":"-34.9005747999979",
               "nome":"PONTO 11 - IDA"
            },
            { 
               "id":323,
               "endereco":"Boa Viagem, Recife - PE, 51021-400, Brasil",
               "tipo":"ponto_parada",
               "codigo_referencia":"PONTO 12 - IDA",
               "cerca":"30",
               "created_at":"2019-10-10 00:00:00",
               "updated_at":null,
               "lat":"-8.12540562921813",
               "lng":"-34.8992580230013",
               "nome":"PONTO 12 - IDA"
            },
            { 
               "id":324,
               "endereco":"Boa Viagem, Recife - PE, 51021-400, Brasil",
               "tipo":"ponto_parada",
               "codigo_referencia":"PONTO 13 - IDA",
               "cerca":"30",
               "created_at":"2019-10-10 00:00:00",
               "updated_at":null,
               "lat":"-8.12209802422998",
               "lng":"-34.8979772967412",
               "nome":"PONTO 13 - IDA"
            },
            { 
               "id":325,
               "endereco":"Boa Viagem, Recife - PE, 51021-400, Brasil",
               "tipo":"ponto_parada",
               "codigo_referencia":"PONTO 14 - IDA",
               "cerca":"30",
               "created_at":"2019-10-10 00:00:00",
               "updated_at":null,
               "lat":"-8.11836416640862",
               "lng":"-34.8958960526434",
               "nome":"PONTO 14 - IDA"
            },
            { 
               "id":326,
               "endereco":"Boa Viagem, Recife - PE, 51021-400, Brasil",
               "tipo":"ponto_parada",
               "codigo_referencia":"PONTO 15 - IDA",
               "cerca":"30",
               "created_at":"2019-10-10 00:00:00",
               "updated_at":null,
               "lat":"-8.11644868743656",
               "lng":"-34.8948395921561",
               "nome":"PONTO 15 - IDA"
            },
            { 
               "id":327,
               "endereco":"Boa Viagem, Recife - PE, 51021-400, Brasil",
               "tipo":"ponto_parada",
               "codigo_referencia":"PONTO 16 - IDA",
               "cerca":"30",
               "created_at":"2019-10-10 00:00:00",
               "updated_at":null,
               "lat":"-8.11410744826481",
               "lng":"-34.8933420144859",
               "nome":"PONTO 16 - IDA"
            },
            { 
               "id":328,
               "endereco":"Boa Viagem, Recife - PE, 51021-400, Brasil",
               "tipo":"ponto_parada",
               "codigo_referencia":"PONTO 17 - IDA",
               "cerca":"30",
               "created_at":"2019-10-10 00:00:00",
               "updated_at":null,
               "lat":"-8.11154487168345",
               "lng":"-34.8917771719534",
               "nome":"PONTO 17 - IDA"
            },
            { 
               "id":329,
               "endereco":"Boa Viagem, Recife - PE, 51021-400, Brasil",
               "tipo":"ponto_parada",
               "codigo_referencia":"PONTO 18 - IDA",
               "cerca":"30",
               "created_at":"2019-10-10 00:00:00",
               "updated_at":null,
               "lat":"-8.10920700743918",
               "lng":"-34.8904279926947",
               "nome":"PONTO 18 - IDA"
            },
            { 
               "id":330,
               "endereco":"Boa Viagem, Recife - PE, 51021-400, Brasil",
               "tipo":"ponto_parada",
               "codigo_referencia":"PONTO 19 - IDA",
               "cerca":"30",
               "created_at":"2019-10-10 00:00:00",
               "updated_at":null,
               "lat":"-8.10722934270091",
               "lng":"-34.8895049633325",
               "nome":"PONTO 19 - IDA"
            },
            { 
               "id":331,
               "endereco":"Boa Viagem, Recife - PE, 51021-400, Brasil",
               "tipo":"ponto_parada",
               "codigo_referencia":"PONTO 20 - IDA",
               "cerca":"30",
               "created_at":"2019-10-10 00:00:00",
               "updated_at":null,
               "lat":"-8.10473269570961",
               "lng":"-34.8883794582597",
               "nome":"PONTO 20 - IDA"
            },
            { 
               "id":332,
               "endereco":"Boa Viagem, Recife - PE, 51021-400, Brasil",
               "tipo":"ponto_parada",
               "codigo_referencia":"PONTO 21 - IDA",
               "cerca":"30",
               "created_at":"2019-10-10 00:00:00",
               "updated_at":null,
               "lat":"-8.10024646589121",
               "lng":"-34.8863245541621",
               "nome":"PONTO 21 - IDA"
            },
            { 
               "id":333,
               "endereco":"Boa Viagem, Recife - PE, 51021-400, Brasil",
               "tipo":"ponto_parada",
               "codigo_referencia":"PONTO 22 - IDA",
               "cerca":"30",
               "created_at":"2019-10-10 00:00:00",
               "updated_at":null,
               "lat":"-8.09670994598431",
               "lng":"-34.8849144416675",
               "nome":"PONTO 22 - IDA"
            },
            { 
               "id":334,
               "endereco":"Boa Viagem, Recife - PE, 51021-400, Brasil",
               "tipo":"ponto_parada",
               "codigo_referencia":"PONTO 23 - IDA",
               "cerca":"30",
               "created_at":"2019-10-10 00:00:00",
               "updated_at":null,
               "lat":"-8.09157689282917",
               "lng":"-34.8836839792398",
               "nome":"PONTO 23 - IDA"
            },
            { 
               "id":335,
               "endereco":"Boa Viagem, Recife - PE, 51021-400, Brasil",
               "tipo":"ponto_parada",
               "codigo_referencia":"PONTO 24 - IDA",
               "cerca":"30",
               "created_at":"2019-10-10 00:00:00",
               "updated_at":null,
               "lat":"-8.08824981448198",
               "lng":"-34.8837978569365",
               "nome":"PONTO 24 - IDA"
            },
            { 
               "id":336,
               "endereco":"Boa Viagem, Recife - PE, 51021-400, Brasil",
               "tipo":"ponto_parada",
               "codigo_referencia":"PONTO 25 - IDA",
               "cerca":"30",
               "created_at":"2019-10-10 00:00:00",
               "updated_at":null,
               "lat":"-8.08591736711657",
               "lng":"-34.8861002840609",
               "nome":"PONTO 25 - IDA"
            },
            { 
               "id":337,
               "endereco":"Boa Viagem, Recife - PE, 51021-400, Brasil",
               "tipo":"ponto_parada",
               "codigo_referencia":"PONTO 26 - IDA",
               "cerca":"30",
               "created_at":"2019-10-10 00:00:00",
               "updated_at":null,
               "lat":"-8.08462281369941",
               "lng":"-34.8872631374998",
               "nome":"PONTO 26 - IDA"
            },
            { 
               "id":338,
               "endereco":"Boa Viagem, Recife - PE, 51021-400, Brasil",
               "tipo":"ponto_parada",
               "codigo_referencia":"PONTO 27 - IDA",
               "cerca":"30",
               "created_at":"2019-10-10 00:00:00",
               "updated_at":null,
               "lat":"-8.0783962965434",
               "lng":"-34.8914181358634",
               "nome":"PONTO 27 - IDA"
            },
            { 
               "id":339,
               "endereco":"Boa Viagem, Recife - PE, 51021-400, Brasil",
               "tipo":"ponto_parada",
               "codigo_referencia":"PONTO 28 - IDA",
               "cerca":"30",
               "created_at":"2019-10-10 00:00:00",
               "updated_at":null,
               "lat":"-8.07674166161036",
               "lng":"-34.8895977847288",
               "nome":"PONTO 28 - IDA"
            },
            { 
               "id":340,
               "endereco":"Boa Viagem, Recife - PE, 51021-400, Brasil",
               "tipo":"ponto_parada",
               "codigo_referencia":"PONTO 29 - IDA",
               "cerca":"30",
               "created_at":"2019-10-10 00:00:00",
               "updated_at":null,
               "lat":"-8.07614293969252",
               "lng":"-34.8880319161643",
               "nome":"PONTO 29 - IDA"
            },
            { 
               "id":341,
               "endereco":"Boa Viagem, Recife - PE, 51021-400, Brasil",
               "tipo":"ponto_parada",
               "codigo_referencia":"PONTO 30 - IDA",
               "cerca":"30",
               "created_at":"2019-10-10 00:00:00",
               "updated_at":null,
               "lat":"-8.07451043423028",
               "lng":"-34.8839908450824",
               "nome":"PONTO 30 - IDA"
            },
            { 
               "id":342,
               "endereco":"Boa Viagem, Recife - PE, 51021-400, Brasil",
               "tipo":"ponto_parada",
               "codigo_referencia":"PONTO 31 - IDA",
               "cerca":"30",
               "created_at":"2019-10-10 00:00:00",
               "updated_at":null,
               "lat":"-8.06325184916727",
               "lng":"-34.8720440997679",
               "nome":"PONTO 31 - IDA"
            },
            { 
               "id":343,
               "endereco":"Boa Viagem, Recife - PE, 51021-400, Brasil",
               "tipo":"ponto_parada",
               "codigo_referencia":"PONTO 32 - IDA",
               "cerca":"30",
               "created_at":"2019-10-10 00:00:00",
               "updated_at":null,
               "lat":"-8.06368480532411",
               "lng":"-34.874112695304",
               "nome":"PONTO 32 - IDA"
            },
            { 
               "id":344,
               "endereco":"Boa Viagem, Recife - PE, 51021-400, Brasil",
               "tipo":"ponto_parada",
               "codigo_referencia":"PONTO 33 - IDA",
               "cerca":"30",
               "created_at":"2019-10-10 00:00:00",
               "updated_at":null,
               "lat":"-8.06424888688908",
               "lng":"-34.8772061213834",
               "nome":"PONTO 33 - IDA"
            },
            { 
               "id":345,
               "endereco":"Boa Viagem, Recife - PE, 51021-400, Brasil",
               "tipo":"ponto_parada",
               "codigo_referencia":"PONTO 34 - IDA",
               "cerca":"30",
               "created_at":"2019-10-10 00:00:00",
               "updated_at":null,
               "lat":"-8.06408731289904",
               "lng":"-34.8779284864549",
               "nome":"PONTO 34 - IDA"
            },
            { 
               "id":346,
               "endereco":"Boa Viagem, Recife - PE, 51021-400, Brasil",
               "tipo":"ponto_parada",
               "codigo_referencia":"PONTO 35 - IDA",
               "cerca":"30",
               "created_at":"2019-10-10 00:00:00",
               "updated_at":null,
               "lat":"-8.062981926484",
               "lng":"-34.8797581860598",
               "nome":"PONTO 35 - IDA"
            },
            { 
               "id":347,
               "endereco":"Boa Viagem, Recife - PE, 51021-400, Brasil",
               "tipo":"ponto_parada",
               "codigo_referencia":"PONTO FINAL - IDA",
               "cerca":"30",
               "created_at":"2019-10-10 00:00:00",
               "updated_at":null,
               "lat":"-8.0618553455789",
               "lng":"-34.8819682741385",
               "nome":"PONTO FINAL - IDA"
            }
         ]
      },
      "volta":{ 
         "id":22,
         "linha_id":3,
         "sentido":"v",
         "pontos_parada_ids":"347,348,349,350,351,352,353,354,355,356,357,358,359,360,361,362,363,364,365,366,367,368,369,370,371,372,373,374,375,376,377,378,379,380,381,382,383,384,385,311",
         "deleted_at":null,
         "created_at":"2019-10-10 21:00:07",
         "updated_at":"2019-10-10 21:00:07",
         "nome":"LINHA 32 - VOLTA",
         "ida_id":21,
         "pontos":[ 
            { 
               "id":347,
               "endereco":"Boa Viagem, Recife - PE, 51021-400, Brasil",
               "tipo":"ponto_parada",
               "codigo_referencia":"PONTO FINAL - IDA",
               "cerca":"30",
               "created_at":"2019-10-10 00:00:00",
               "updated_at":null,
               "lat":"-8.0618553455789",
               "lng":"-34.8819682741385",
               "nome":"PONTO FINAL - IDA"
            },
            { 
               "id":348,
               "endereco":"Boa Viagem, Recife - PE, 51021-400, Brasil",
               "tipo":"ponto_parada",
               "codigo_referencia":"PONTO 1 - VOLTA",
               "cerca":"30",
               "created_at":"2019-10-10 00:00:00",
               "updated_at":null,
               "lat":"-8.0615202742076",
               "lng":"-34.8825955459775",
               "nome":"PONTO 1 - VOLTA"
            },
            { 
               "id":349,
               "endereco":"Boa Viagem, Recife - PE, 51021-400, Brasil",
               "tipo":"ponto_parada",
               "codigo_referencia":"PONTO 2 - VOLTA",
               "cerca":"30",
               "created_at":"2019-10-10 00:00:00",
               "updated_at":null,
               "lat":"-8.06105416146272",
               "lng":"-34.8836598383178",
               "nome":"PONTO 2 - VOLTA"
            },
            { 
               "id":350,
               "endereco":"Boa Viagem, Recife - PE, 51021-400, Brasil",
               "tipo":"ponto_parada",
               "codigo_referencia":"PONTO 3 - VOLTA",
               "cerca":"30",
               "created_at":"2019-10-10 00:00:00",
               "updated_at":null,
               "lat":"-8.05979216787941",
               "lng":"-34.8860672075968",
               "nome":"PONTO 3 - VOLTA"
            },
            { 
               "id":351,
               "endereco":"Boa Viagem, Recife - PE, 51021-400, Brasil",
               "tipo":"ponto_parada",
               "codigo_referencia":"PONTO 4 - VOLTA",
               "cerca":"30",
               "created_at":"2019-10-10 00:00:00",
               "updated_at":null,
               "lat":"-8.05904908103052",
               "lng":"-34.8872793590518",
               "nome":"PONTO 4 - VOLTA"
            },
            { 
               "id":352,
               "endereco":"Boa Viagem, Recife - PE, 51021-400, Brasil",
               "tipo":"ponto_parada",
               "codigo_referencia":"PONTO 5 - VOLTA",
               "cerca":"30",
               "created_at":"2019-10-10 00:00:00",
               "updated_at":null,
               "lat":"-8.05814034075734",
               "lng":"-34.8888515406086",
               "nome":"PONTO 5 - VOLTA"
            },
            { 
               "id":353,
               "endereco":"Boa Viagem, Recife - PE, 51021-400, Brasil",
               "tipo":"ponto_parada",
               "codigo_referencia":"PONTO 6 - VOLTA",
               "cerca":"30",
               "created_at":"2019-10-10 00:00:00",
               "updated_at":null,
               "lat":"-8.05650519483267",
               "lng":"-34.8930496391601",
               "nome":"PONTO 6 - VOLTA"
            },
            { 
               "id":354,
               "endereco":"Boa Viagem, Recife - PE, 51021-400, Brasil",
               "tipo":"ponto_parada",
               "codigo_referencia":"PONTO 7 - VOLTA",
               "cerca":"30",
               "created_at":"2019-10-10 00:00:00",
               "updated_at":null,
               "lat":"-8.0542416196451",
               "lng":"-34.8960841691993",
               "nome":"PONTO 7 - VOLTA"
            },
            { 
               "id":355,
               "endereco":"Boa Viagem, Recife - PE, 51021-400, Brasil",
               "tipo":"ponto_parada",
               "codigo_referencia":"PONTO 8 - VOLTA",
               "cerca":"30",
               "created_at":"2019-10-10 00:00:00",
               "updated_at":null,
               "lat":"-8.05471922510249",
               "lng":"-34.8976654221108",
               "nome":"PONTO 8 - VOLTA"
            },
            { 
               "id":356,
               "endereco":"Boa Viagem, Recife - PE, 51021-400, Brasil",
               "tipo":"ponto_parada",
               "codigo_referencia":"PONTO 9 - VOLTA",
               "cerca":"30",
               "created_at":"2019-10-10 00:00:00",
               "updated_at":null,
               "lat":"-8.05620836236521",
               "lng":"-34.8981264656377",
               "nome":"PONTO 9 - VOLTA"
            },
            { 
               "id":357,
               "endereco":"Boa Viagem, Recife - PE, 51021-400, Brasil",
               "tipo":"ponto_parada",
               "codigo_referencia":"PONTO 10 - VOLTA",
               "cerca":"30",
               "created_at":"2019-10-10 00:00:00",
               "updated_at":null,
               "lat":"-8.05709685186663",
               "lng":"-34.8982118308374",
               "nome":"PONTO 10 - VOLTA"
            },
            { 
               "id":358,
               "endereco":"Boa Viagem, Recife - PE, 51021-400, Brasil",
               "tipo":"ponto_parada",
               "codigo_referencia":"PONTO 11 - VOLTA",
               "cerca":"30",
               "created_at":"2019-10-10 00:00:00",
               "updated_at":null,
               "lat":"-8.05859692188285",
               "lng":"-34.8982044578384",
               "nome":"PONTO 11 - VOLTA"
            },
            { 
               "id":359,
               "endereco":"Boa Viagem, Recife - PE, 51021-400, Brasil",
               "tipo":"ponto_parada",
               "codigo_referencia":"PONTO 12 - VOLTA",
               "cerca":"30",
               "created_at":"2019-10-10 00:00:00",
               "updated_at":null,
               "lat":"-8.06133561530105",
               "lng":"-34.8979491472667",
               "nome":"PONTO 12 - VOLTA"
            },
            { 
               "id":360,
               "endereco":"Boa Viagem, Recife - PE, 51021-400, Brasil",
               "tipo":"ponto_parada",
               "codigo_referencia":"PONTO 13 - VOLTA",
               "cerca":"30",
               "created_at":"2019-10-10 00:00:00",
               "updated_at":null,
               "lat":"-8.06352543306257",
               "lng":"-34.8976979242517",
               "nome":"PONTO 13 - VOLTA"
            },
            { 
               "id":361,
               "endereco":"Boa Viagem, Recife - PE, 51021-400, Brasil",
               "tipo":"ponto_parada",
               "codigo_referencia":"PONTO 14 - VOLTA",
               "cerca":"30",
               "created_at":"2019-10-10 00:00:00",
               "updated_at":null,
               "lat":"-8.06434209837871",
               "lng":"-34.8975679633029",
               "nome":"PONTO 14 - VOLTA"
            },
            { 
               "id":362,
               "endereco":"Boa Viagem, Recife - PE, 51021-400, Brasil",
               "tipo":"ponto_parada",
               "codigo_referencia":"PONTO 15 - VOLTA",
               "cerca":"30",
               "created_at":"2019-10-10 00:00:00",
               "updated_at":null,
               "lat":"-8.07937734037493",
               "lng":"-34.892833945008",
               "nome":"PONTO 15 - VOLTA"
            },
            { 
               "id":363,
               "endereco":"Boa Viagem, Recife - PE, 51021-400, Brasil",
               "tipo":"ponto_parada",
               "codigo_referencia":"PONTO 16 - VOLTA",
               "cerca":"30",
               "created_at":"2019-10-10 00:00:00",
               "updated_at":null,
               "lat":"-8.08678499226168",
               "lng":"-34.8872676488826",
               "nome":"PONTO 16 - VOLTA"
            },
            { 
               "id":364,
               "endereco":"Boa Viagem, Recife - PE, 51021-400, Brasil",
               "tipo":"ponto_parada",
               "codigo_referencia":"PONTO 17 - VOLTA",
               "cerca":"30",
               "created_at":"2019-10-10 00:00:00",
               "updated_at":null,
               "lat":"-8.08908257001159",
               "lng":"-34.8850856748804",
               "nome":"PONTO 17 - VOLTA"
            },
            { 
               "id":365,
               "endereco":"Boa Viagem, Recife - PE, 51021-400, Brasil",
               "tipo":"ponto_parada",
               "codigo_referencia":"PONTO 18 - VOLTA",
               "cerca":"30",
               "created_at":"2019-10-10 00:00:00",
               "updated_at":null,
               "lat":"-8.09158485819851",
               "lng":"-34.8850202296961",
               "nome":"PONTO 18 - VOLTA"
            },
            { 
               "id":366,
               "endereco":"Boa Viagem, Recife - PE, 51021-400, Brasil",
               "tipo":"ponto_parada",
               "codigo_referencia":"PONTO 19 - VOLTA",
               "cerca":"30",
               "created_at":"2019-10-10 00:00:00",
               "updated_at":null,
               "lat":"-8.09478920995563",
               "lng":"-34.8859136500762",
               "nome":"PONTO 19 - VOLTA"
            },
            { 
               "id":367,
               "endereco":"Boa Viagem, Recife - PE, 51021-400, Brasil",
               "tipo":"ponto_parada",
               "codigo_referencia":"PONTO 20 - VOLTA",
               "cerca":"30",
               "created_at":"2019-10-10 00:00:00",
               "updated_at":null,
               "lat":"-8.09792507867643",
               "lng":"-34.8864514486775",
               "nome":"PONTO 20 - VOLTA"
            },
            { 
               "id":368,
               "endereco":"Boa Viagem, Recife - PE, 51021-400, Brasil",
               "tipo":"ponto_parada",
               "codigo_referencia":"PONTO 21 - VOLTA",
               "cerca":"30",
               "created_at":"2019-10-10 00:00:00",
               "updated_at":null,
               "lat":"-8.10143064640277",
               "lng":"-34.8878746676293",
               "nome":"PONTO 21 - VOLTA"
            },
            { 
               "id":369,
               "endereco":"Boa Viagem, Recife - PE, 51021-400, Brasil",
               "tipo":"ponto_parada",
               "codigo_referencia":"PONTO 22 - VOLTA",
               "cerca":"30",
               "created_at":"2019-10-10 00:00:00",
               "updated_at":null,
               "lat":"-8.10511002959587",
               "lng":"-34.8895911265416",
               "nome":"PONTO 22 - VOLTA"
            },
            { 
               "id":370,
               "endereco":"Boa Viagem, Recife - PE, 51021-400, Brasil",
               "tipo":"ponto_parada",
               "codigo_referencia":"PONTO 23 - VOLTA",
               "cerca":"30",
               "created_at":"2019-10-10 00:00:00",
               "updated_at":null,
               "lat":"-8.10805833786358",
               "lng":"-34.8909560222653",
               "nome":"PONTO 23 - VOLTA"
            },
            { 
               "id":371,
               "endereco":"Boa Viagem, Recife - PE, 51021-400, Brasil",
               "tipo":"ponto_parada",
               "codigo_referencia":"PONTO 25 - VOLTA",
               "cerca":"30",
               "created_at":"2019-10-10 00:00:00",
               "updated_at":null,
               "lat":"-8.11141955185333",
               "lng":"-34.8929327108894",
               "nome":"PONTO 25 - VOLTA"
            },
            { 
               "id":372,
               "endereco":"Boa Viagem, Recife - PE, 51021-400, Brasil",
               "tipo":"ponto_parada",
               "codigo_referencia":"PONTO 26 - VOLTA",
               "cerca":"30",
               "created_at":"2019-10-10 00:00:00",
               "updated_at":null,
               "lat":"-8.11381977090643",
               "lng":"-34.8944470586575",
               "nome":"PONTO 26 - VOLTA"
            },
            { 
               "id":373,
               "endereco":"Boa Viagem, Recife - PE, 51021-400, Brasil",
               "tipo":"ponto_parada",
               "codigo_referencia":"PONTO 27 - VOLTA",
               "cerca":"30",
               "created_at":"2019-10-10 00:00:00",
               "updated_at":null,
               "lat":"-8.11620176649869",
               "lng":"-34.8958679649827",
               "nome":"PONTO 27 - VOLTA"
            },
            { 
               "id":374,
               "endereco":"Boa Viagem, Recife - PE, 51021-400, Brasil",
               "tipo":"ponto_parada",
               "codigo_referencia":"PONTO 28 - VOLTA",
               "cerca":"30",
               "created_at":"2019-10-10 00:00:00",
               "updated_at":null,
               "lat":"-8.12042516176685",
               "lng":"-34.8984423198165",
               "nome":"PONTO 28 - VOLTA"
            },
            { 
               "id":375,
               "endereco":"Boa Viagem, Recife - PE, 51021-400, Brasil",
               "tipo":"ponto_parada",
               "codigo_referencia":"PONTO 29 - VOLTA",
               "cerca":"30",
               "created_at":"2019-10-10 00:00:00",
               "updated_at":null,
               "lat":"-8.12265955629276",
               "lng":"-34.8995078155823",
               "nome":"PONTO 29 - VOLTA"
            },
            { 
               "id":376,
               "endereco":"Boa Viagem, Recife - PE, 51021-400, Brasil",
               "tipo":"ponto_parada",
               "codigo_referencia":"PONTO 30 - VOLTA",
               "cerca":"30",
               "created_at":"2019-10-10 00:00:00",
               "updated_at":null,
               "lat":"-8.12440687656268",
               "lng":"-34.9001463919088",
               "nome":"PONTO 30 - VOLTA"
            },
            { 
               "id":377,
               "endereco":"Boa Viagem, Recife - PE, 51021-400, Brasil",
               "tipo":"ponto_parada",
               "codigo_referencia":"PONTO 31 - VOLTA",
               "cerca":"30",
               "created_at":"2019-10-10 00:00:00",
               "updated_at":null,
               "lat":"-8.12724572561707",
               "lng":"-34.9012302121031",
               "nome":"PONTO 31 - VOLTA"
            },
            { 
               "id":378,
               "endereco":"Boa Viagem, Recife - PE, 51021-400, Brasil",
               "tipo":"ponto_parada",
               "codigo_referencia":"PONTO 32 - VOLTA",
               "cerca":"30",
               "created_at":"2019-10-10 00:00:00",
               "updated_at":null,
               "lat":"-8.12973868837006",
               "lng":"-34.9023341702891",
               "nome":"PONTO 32 - VOLTA"
            },
            { 
               "id":379,
               "endereco":"Boa Viagem, Recife - PE, 51021-400, Brasil",
               "tipo":"ponto_parada",
               "codigo_referencia":"PONTO 33 - VOLTA",
               "cerca":"30",
               "created_at":"2019-10-10 00:00:00",
               "updated_at":null,
               "lat":"-8.1310064041716",
               "lng":"-34.9027729010312",
               "nome":"PONTO 33 - VOLTA"
            },
            { 
               "id":380,
               "endereco":"Boa Viagem, Recife - PE, 51021-400, Brasil",
               "tipo":"ponto_parada",
               "codigo_referencia":"PONTO 34 - VOLTA",
               "cerca":"30",
               "created_at":"2019-10-10 00:00:00",
               "updated_at":null,
               "lat":"-8.13150977560867",
               "lng":"-34.9033251076186",
               "nome":"PONTO 34 - VOLTA"
            },
            { 
               "id":381,
               "endereco":"Boa Viagem, Recife - PE, 51021-400, Brasil",
               "tipo":"ponto_parada",
               "codigo_referencia":"PONTO 35 - VOLTA",
               "cerca":"30",
               "created_at":"2019-10-10 00:00:00",
               "updated_at":null,
               "lat":"-8.13396444207816",
               "lng":"-34.9065029169519",
               "nome":"PONTO 35 - VOLTA"
            },
            { 
               "id":382,
               "endereco":"Boa Viagem, Recife - PE, 51021-400, Brasil",
               "tipo":"ponto_parada",
               "codigo_referencia":"PONTO 39 - VOLTA",
               "cerca":"30",
               "created_at":"2019-10-10 00:00:00",
               "updated_at":null,
               "lat":"-8.14198600855945",
               "lng":"-34.9092203789946",
               "nome":"PONTO 39 - VOLTA"
            },
            { 
               "id":383,
               "endereco":"Boa Viagem, Recife - PE, 51021-400, Brasil",
               "tipo":"ponto_parada",
               "codigo_referencia":"PONTO 40 - VOLTA",
               "cerca":"30",
               "created_at":"2019-10-10 00:00:00",
               "updated_at":null,
               "lat":"-8.14057637862975",
               "lng":"-34.9123015118322",
               "nome":"PONTO 40 - VOLTA"
            },
            { 
               "id":384,
               "endereco":"Boa Viagem, Recife - PE, 51021-400, Brasil",
               "tipo":"ponto_parada",
               "codigo_referencia":"PONTO 41 - VOLTA",
               "cerca":"30",
               "created_at":"2019-10-10 00:00:00",
               "updated_at":null,
               "lat":"-8.13904531569029",
               "lng":"-34.9145013622447",
               "nome":"PONTO 41 - VOLTA"
            },
            { 
               "id":385,
               "endereco":"Boa Viagem, Recife - PE, 51021-400, Brasil",
               "tipo":"ponto_parada",
               "codigo_referencia":"PONTO 42 - VOLTA",
               "cerca":"30",
               "created_at":"2019-10-10 00:00:00",
               "updated_at":null,
               "lat":"-8.13736281977198",
               "lng":"-34.9129318828597",
               "nome":"PONTO 42 - VOLTA"
            },
            {
               "id":311,
               "endereco":"Boa Viagem, Recife - PE, 51021-400, Brasil",
               "tipo":"ponto_terminal",
               "codigo_referencia":"TERMINAL",
               "cerca":"30",
               "created_at":"2019-10-10 00:00:00",
               "updated_at":null,
               "lat":"-8.13637795142659",
               "lng":"-34.9133322208299",
               "nome":"TERMINAL"
            }
         ]
      }
   }
}